,Unnamed: 0,chart_no,song,artist,track_id,uri,href,acousticness,danceability,energy,instrumentalness,liveness,loudness,speechiness,tempo,valence
0,0,1,Last Night,Morgan Wallen,59uQI0PADDKeE6UZDTJEe8,spotify:track:59uQI0PADDKeE6UZDTJEe8,https://open.spotify.com/track/59uQI0PADDKeE6UZDTJEe8,0.459,0.517,0.675,0.0,0.151,-5.382,0.0357,203.853,0.518
1,1,2,Kill Bill,SZA,1Qrg8KqiBpW07V7PNxwwwL,spotify:track:1Qrg8KqiBpW07V7PNxwwwL,https://open.spotify.com/track/1Qrg8KqiBpW07V7PNxwwwL,0.0521,0.644,0.735,0.144,0.161,-5.747,0.0391,88.98,0.418
2,2,3,Flowers,Miley Cyrus,0yLdNVWF3Srea0uzk55zFn,spotify:track:0yLdNVWF3Srea0uzk55zFn,https://open.spotify.com/track/0yLdNVWF3Srea0uzk55zFn,0.0632,0.707,0.681,5.15e-06,0.0322,-4.325,0.0668,117.999,0.646
3,3,4,Ella Baila Sola,Eslabon Armado X Peso Pluma,3dnP0JxCgygwQH9Gm7q7nb,spotify:track:3dnP0JxCgygwQH9Gm7q7nb,https://open.spotify.com/track/3dnP0JxCgygwQH9Gm7q7nb,0.483,0.668,0.758,1.89e-05,0.0837,-5.176,0.0332,147.989,0.834
4,4,5,Un x100to,Grupo Frontera X Bad Bunny,6pD0ufEQq0xdHSsRbg9LBK,spotify:track:6pD0ufEQq0xdHSsRbg9LBK,https://open.spotify.com/track/6pD0ufEQq0xdHSsRbg9LBK,0.228,0.569,0.724,0.0,0.27,-4.076,0.0474,83.118,0.562
5,5,6,Calm Down,Rema & Selena Gomez,1s7oOCT8vauUh01PbJD6ps,spotify:track:1s7oOCT8vauUh01PbJD6ps,https://open.spotify.com/track/1s7oOCT8vauUh01PbJD6ps,0.429,0.799,0.802,0.00128,0.171,-5.196,0.0371,107.008,0.811
6,6,7,Creepin',"Metro Boomin, The Weeknd & 21 Savage",2dHHgzDwk4BJdRwy9uXhTO,spotify:track:2dHHgzDwk4BJdRwy9uXhTO,https://open.spotify.com/track/2dHHgzDwk4BJdRwy9uXhTO,0.417,0.715,0.62,0.0,0.0822,-6.005,0.0484,97.95,0.172
7,7,8,Die For You,The Weeknd & Ariana Grande,3PgzETYsLdGnGA4dQnpCdy,spotify:track:3PgzETYsLdGnGA4dQnpCdy,https://open.spotify.com/track/3PgzETYsLdGnGA4dQnpCdy,0.977,0.507,0.0611,0.87,0.17,-26.901,0.0665,66.675,0.375
8,8,9,"Boy's A Liar, Pt. 2",PinkPantheress & Ice Spice,4UbgDSQIgLFpwfH3YLCuQX,spotify:track:4UbgDSQIgLFpwfH3YLCuQX,https://open.spotify.com/track/4UbgDSQIgLFpwfH3YLCuQX,0.731,0.726,0.659,2.17e-05,0.261,-6.877,0.1,141.987,0.714
9,9,10,Anti-Hero,Taylor Swift,0V3wPSX9ygBnCm8psDIegu,spotify:track:0V3wPSX9ygBnCm8psDIegu,https://open.spotify.com/track/0V3wPSX9ygBnCm8psDIegu,0.13,0.637,0.643,1.8e-06,0.142,-6.571,0.0519,97.008,0.533
10,10,11,La Bebe,Yng Lvcas x Peso Pluma,2UW7JaomAMuX9pZrjVpHAU,spotify:track:2UW7JaomAMuX9pZrjVpHAU,https://open.spotify.com/track/2UW7JaomAMuX9pZrjVpHAU,0.213,0.812,0.479,1.21e-06,0.0756,-5.678,0.333,169.922,0.559
11,11,12,Search & Rescue,Drake,7aRCf5cLOFN1U7kvtChY1G,spotify:track:7aRCf5cLOFN1U7kvtChY1G,https://open.spotify.com/track/7aRCf5cLOFN1U7kvtChY1G,0.0603,0.817,0.44,1.42e-06,0.33,-8.482,0.0734,142.024,0.544
12,12,13,Favorite Song,Toosii,1SRw5p2lVAi7RGlHEmZg66,spotify:track:1SRw5p2lVAi7RGlHEmZg66,https://open.spotify.com/track/1SRw5p2lVAi7RGlHEmZg66,0.314,0.816,0.367,0.0,0.0987,-9.354,0.0588,116.035,0.413
13,13,14,Fast Car,Luke Combs,1Lo0QY9cvc8sUB2vnIOxDT,spotify:track:1Lo0QY9cvc8sUB2vnIOxDT,https://open.spotify.com/track/1Lo0QY9cvc8sUB2vnIOxDT,0.186,0.712,0.603,0.0,0.115,-5.52,0.0262,97.994,0.67
14,14,15,Sure Thing,Miguel,0JXXNGljqupsJaZsgSbMZV,spotify:track:0JXXNGljqupsJaZsgSbMZV,https://open.spotify.com/track/0JXXNGljqupsJaZsgSbMZV,0.0267,0.684,0.607,0.000307,0.191,-8.127,0.1,81.001,0.498
15,15,16,Players,Coi Leray,6UN73IYd0hZxLi8wFPMQij,spotify:track:6UN73IYd0hZxLi8wFPMQij,https://open.spotify.com/track/6UN73IYd0hZxLi8wFPMQij,0.03,0.954,0.516,7.54e-06,0.0504,-5.817,0.16,105.001,0.624
16,16,17,Rock And A Hard Place,Bailey Zimmerman,4686eQ81DEswHa90bcdlC9,spotify:track:4686eQ81DEswHa90bcdlC9,https://open.spotify.com/track/4686eQ81DEswHa90bcdlC9,0.577,0.582,0.568,0.0,0.105,-7.3,0.0275,121.991,0.394
17,17,18,Double Fantasy,The Weeknd Featuring Future,4VMRsbfZzd3SfQtaJ1Wpwi,spotify:track:4VMRsbfZzd3SfQtaJ1Wpwi,https://open.spotify.com/track/4VMRsbfZzd3SfQtaJ1Wpwi,0.00621,0.6,0.567,8.73e-06,0.495,-7.269,0.033,119.043,0.0951
18,18,19,You Proof,Morgan Wallen,5W4kiM2cUYBJXKRudNyxjW,spotify:track:5W4kiM2cUYBJXKRudNyxjW,https://open.spotify.com/track/5W4kiM2cUYBJXKRudNyxjW,0.265,0.732,0.839,0.0,0.602,-5.007,0.0345,119.724,0.629
19,19,20,As It Was,Harry Styles,4LRPiXqCikLlN15c3yImP7,spotify:track:4LRPiXqCikLlN15c3yImP7,https://open.spotify.com/track/4LRPiXqCikLlN15c3yImP7,0.342,0.52,0.731,0.00101,0.311,-5.338,0.0557,173.93,0.662
20,20,21,Chemical,Post Malone,5w40ZYhbBMAlHYNDaVJIUu,spotify:track:5w40ZYhbBMAlHYNDaVJIUu,https://open.spotify.com/track/5w40ZYhbBMAlHYNDaVJIUu,0.00136,0.498,0.897,0.0,0.118,-4.907,0.045,169.902,0.373
21,21,22,One Thing At A Time,Morgan Wallen,7K3BhSpAxZBznislvUMVtn,spotify:track:7K3BhSpAxZBznislvUMVtn,https://open.spotify.com/track/7K3BhSpAxZBznislvUMVtn,0.467,0.492,0.675,0.0,0.142,-5.456,0.0389,203.759,0.478
22,22,23,Thinkin' Bout Me,Morgan Wallen,0PAcdVzhPO4gq1Iym9ESnK,spotify:track:0PAcdVzhPO4gq1Iym9ESnK,https://open.spotify.com/track/0PAcdVzhPO4gq1Iym9ESnK,0.492,0.656,0.757,0.0,0.117,-5.775,0.0308,139.971,0.429
23,23,24,Thought You Should Know,Morgan Wallen,3Qu3Zh4WTKhP9GEXo0aDnb,spotify:track:3Qu3Zh4WTKhP9GEXo0aDnb,https://open.spotify.com/track/3Qu3Zh4WTKhP9GEXo0aDnb,0.506,0.53,0.678,6.23e-06,0.138,-6.16,0.0278,140.05,0.508
24,24,25,I'm Good (Blue),David Guetta & Bebe Rexha,5jBUesNxaOm5sEI5X60TSL,spotify:track:5jBUesNxaOm5sEI5X60TSL,https://open.spotify.com/track/5jBUesNxaOm5sEI5X60TSL,0.00383,0.561,0.965,7.07e-06,0.371,-3.673,0.0343,128.04,0.304
25,25,26,Something In The Orange,Zach Bryan,3WMj8moIAXJhHsyLaqIIHI,spotify:track:3WMj8moIAXJhHsyLaqIIHI,https://open.spotify.com/track/3WMj8moIAXJhHsyLaqIIHI,0.555,0.369,0.192,8.35e-06,0.0954,-12.151,0.04,175.212,0.148
26,26,27,Thank God,Kane Brown With Katelyn Brown,1brnLTvarI9D1hLP6z2Ar8,spotify:track:1brnLTvarI9D1hLP6z2Ar8,https://open.spotify.com/track/1brnLTvarI9D1hLP6z2Ar8,0.695,0.738,0.455,0.0,0.107,-8.735,0.0352,99.945,0.441
27,27,28,Por Las Noches,Peso Pluma,2VzCjpKvPB1l1tqLndtAQa,spotify:track:2VzCjpKvPB1l1tqLndtAQa,https://open.spotify.com/track/2VzCjpKvPB1l1tqLndtAQa,0.31,0.807,0.595,2.44e-05,0.0735,-7.19,0.0325,92.491,0.392
28,28,29,Princess Diana,Ice Spice & Nicki Minaj,5Gc3Gp3sTPXIsWSsd6pvw9,spotify:track:5Gc3Gp3sTPXIsWSsd6pvw9,https://open.spotify.com/track/5Gc3Gp3sTPXIsWSsd6pvw9,0.0122,0.76,0.575,0.226,0.241,-10.274,0.0693,139.956,0.202
29,29,30,Escapism,RAYE Featuring 070 Shake,5mHdCZtVyb4DcJw8799hZp,spotify:track:5mHdCZtVyb4DcJw8799hZp,https://open.spotify.com/track/5mHdCZtVyb4DcJw8799hZp,0.138,0.538,0.742,4.67e-05,0.0934,-5.355,0.114,96.107,0.25
30,30,31,Under The Influence,Chris Brown,5IgjP7X4th6nMNDh4akUHb,spotify:track:5IgjP7X4th6nMNDh4akUHb,https://open.spotify.com/track/5IgjP7X4th6nMNDh4akUHb,0.0635,0.733,0.69,1.18e-06,0.105,-5.529,0.0427,116.992,0.31
31,31,32,Dancin' In The Country,Tyler Hubbard,2KtGiBi5CrX2ERPD2PAS34,spotify:track:2KtGiBi5CrX2ERPD2PAS34,https://open.spotify.com/track/2KtGiBi5CrX2ERPD2PAS34,0.0031,0.657,0.871,0.0,0.102,-4.614,0.0675,114.974,0.532
32,32,33,PRC,Peso Pluma X Natanael Cano,2mpoNBkngUEwnaKoBhZ0vl,spotify:track:2mpoNBkngUEwnaKoBhZ0vl,https://open.spotify.com/track/2mpoNBkngUEwnaKoBhZ0vl,0.0965,0.784,0.826,7.09e-05,0.123,-6.34,0.0538,138.078,0.893
33,33,34,Slut Me Out,NLE Choppa,5BmB3OaQyYXCqRyN8iR2Yi,spotify:track:5BmB3OaQyYXCqRyN8iR2Yi,https://open.spotify.com/track/5BmB3OaQyYXCqRyN8iR2Yi,0.117,0.938,0.606,0.0,0.528,-6.396,0.419,121.108,0.706
34,34,35,Lavender Haze,Taylor Swift,5jQI2r1RdgtuT8S3iG8zFC,spotify:track:5jQI2r1RdgtuT8S3iG8zFC,https://open.spotify.com/track/5jQI2r1RdgtuT8S3iG8zFC,0.258,0.733,0.436,0.000573,0.157,-10.489,0.08,96.985,0.0976
35,35,36,Handle On You,Parker McCollum,6Qpfsw8OS5HW5XxgmXYLWS,spotify:track:6Qpfsw8OS5HW5XxgmXYLWS,https://open.spotify.com/track/6Qpfsw8OS5HW5XxgmXYLWS,0.00411,0.588,0.931,0.0,0.345,-3.925,0.0318,105.027,0.625
36,36,37,Unholy,Sam Smith & Kim Petras,2baLFVb7XffCYXan3OMEAH,spotify:track:2baLFVb7XffCYXan3OMEAH,https://open.spotify.com/track/2baLFVb7XffCYXan3OMEAH,0.152,0.465,0.879,0.0,0.486,-10.397,0.123,137.871,0.587
37,37,38,Snooze,SZA,4iZ4pt7kvcaH6Yo8UoZ4s2,spotify:track:4iZ4pt7kvcaH6Yo8UoZ4s2,https://open.spotify.com/track/4iZ4pt7kvcaH6Yo8UoZ4s2,0.141,0.559,0.551,0.0,0.11,-7.231,0.132,143.008,0.392
38,38,39,Just Wanna Rock,Lil Uzi Vert,4FyesJzVpA39hbYvcseO2d,spotify:track:4FyesJzVpA39hbYvcseO2d,https://open.spotify.com/track/4FyesJzVpA39hbYvcseO2d,0.0652,0.486,0.545,0.00474,0.0642,-7.924,0.0336,150.187,0.0385
39,39,40,AMG,"Gabito Ballesteros, Peso Pluma & Natanael Cano",1lRtH4FszTrwwlK5gTSbXO,spotify:track:1lRtH4FszTrwwlK5gTSbXO,https://open.spotify.com/track/1lRtH4FszTrwwlK5gTSbXO,0.152,0.772,0.73,0.000107,0.274,-6.657,0.0972,136.175,0.786
40,40,41,Cupid,Fifty Fifty,7FbrGaHYVDmfr7KoLIZnQ7,spotify:track:7FbrGaHYVDmfr7KoLIZnQ7,https://open.spotify.com/track/7FbrGaHYVDmfr7KoLIZnQ7,0.435,0.783,0.592,4.15e-06,0.347,-8.332,0.0331,120.018,0.726
41,41,42,Superhero (Heroes & Villains),"Metro Boomin, Future & Chris Brown",0vjeOZ3Ft5jvAi9SBFJm1j,spotify:track:0vjeOZ3Ft5jvAi9SBFJm1j,https://open.spotify.com/track/0vjeOZ3Ft5jvAi9SBFJm1j,0.152,0.526,0.606,2.36e-06,0.194,-5.3,0.259,116.622,0.492
42,42,43,TQG,Karol G x Shakira,0DWdj2oZMBFSzRsi2Cvfzf,spotify:track:0DWdj2oZMBFSzRsi2Cvfzf,https://open.spotify.com/track/0DWdj2oZMBFSzRsi2Cvfzf,0.673,0.72,0.63,0.0,0.0936,-3.547,0.277,179.974,0.607
43,43,44,Wait In The Truck,HARDY Featuring Lainey Wilson,7trjNYF5ek7zX4GKSHQZbP,spotify:track:7trjNYF5ek7zX4GKSHQZbP,https://open.spotify.com/track/7trjNYF5ek7zX4GKSHQZbP,0.277,0.534,0.466,0.0,0.0979,-6.98,0.0272,140.0,0.23
44,44,45,Eyes Closed,Ed Sheeran,07bsRv0pcpbG4zJeLsUs1p,spotify:track:07bsRv0pcpbG4zJeLsUs1p,https://open.spotify.com/track/07bsRv0pcpbG4zJeLsUs1p,0.302,0.777,0.526,0.0,0.105,-6.221,0.0645,107.071,0.389
45,45,46,Spin Bout U,Drake & 21 Savage,23GYZNGXrnBZPITKBAoZRb,spotify:track:23GYZNGXrnBZPITKBAoZRb,https://open.spotify.com/track/23GYZNGXrnBZPITKBAoZRb,0.0164,0.811,0.383,0.944,0.16,-11.789,0.0567,130.65,0.231
46,46,47,Daylight,David Kushner,1odExI7RdWc4BT515LTAwj,spotify:track:1odExI7RdWc4BT515LTAwj,https://open.spotify.com/track/1odExI7RdWc4BT515LTAwj,0.83,0.508,0.43,0.000441,0.093,-9.475,0.0335,130.09,0.324
47,47,48,Rich Flex,Drake & 21 Savage,0iXnfZ1nSGjFHPNOGrBwMR,spotify:track:0iXnfZ1nSGjFHPNOGrBwMR,https://open.spotify.com/track/0iXnfZ1nSGjFHPNOGrBwMR,0.763,0.758,0.429,8.35e-05,0.144,-12.418,0.36,147.873,0.578
48,48,49,Love You Anyway,Luke Combs,3qXsX3mYSsD1DmAvc3PE3N,spotify:track:3qXsX3mYSsD1DmAvc3PE3N,https://open.spotify.com/track/3qXsX3mYSsD1DmAvc3PE3N,0.149,0.532,0.489,0.0,0.237,-7.419,0.0311,139.807,0.32
49,49,50,Bebe Dame,Fuerza Regida X Grupo Frontera,0mzsLrUNazBaRfYZfjmpSV,spotify:track:0mzsLrUNazBaRfYZfjmpSV,https://open.spotify.com/track/0mzsLrUNazBaRfYZfjmpSV,0.299,0.529,0.602,0.0,0.0716,-4.629,0.0458,157.643,0.756
50,50,51,Wild As Her,Corey Kent,4RG7P0CXQ4pe0OeCAHjX5L,spotify:track:4RG7P0CXQ4pe0OeCAHjX5L,https://open.spotify.com/track/4RG7P0CXQ4pe0OeCAHjX5L,0.00216,0.504,0.736,0.0,0.129,-6.079,0.0352,148.014,0.46
51,51,52,See You Again,"Tyler, The Creator Featuring Kali Uchis",7KA4W4McWYRpgf0fWsJZWB,spotify:track:7KA4W4McWYRpgf0fWsJZWB,https://open.spotify.com/track/7KA4W4McWYRpgf0fWsJZWB,0.371,0.558,0.559,7.49e-06,0.109,-9.222,0.0959,78.558,0.62
52,52,53,Tennessee Orange,Megan Moroney,3fl4zil6HJ0N1FL3YIRwdC,spotify:track:3fl4zil6HJ0N1FL3YIRwdC,https://open.spotify.com/track/3fl4zil6HJ0N1FL3YIRwdC,0.126,0.38,0.488,7.23e-06,0.115,-6.637,0.029,156.031,0.268
53,53,54,Next Thing You Know,Jordan Davis,2lNTHWu2I5Tcz9ukWsV5Jj,spotify:track:2lNTHWu2I5Tcz9ukWsV5Jj,https://open.spotify.com/track/2lNTHWu2I5Tcz9ukWsV5Jj,0.646,0.557,0.597,0.0,0.0974,-8.296,0.048,78.526,0.414
54,54,55,Alone,Kim Petras Featuring Nicki Minaj,7kOletJ0Q5H4MWe7cfeZXP,spotify:track:7kOletJ0Q5H4MWe7cfeZXP,https://open.spotify.com/track/7kOletJ0Q5H4MWe7cfeZXP,0.0668,0.676,0.536,0.0,0.12,-6.507,0.0404,137.018,0.163
55,55,56,Chanel,Becky G & Peso Pluma,7KJxDY3yNmJU4YBirMv7DD,spotify:track:7KJxDY3yNmJU4YBirMv7DD,https://open.spotify.com/track/7KJxDY3yNmJU4YBirMv7DD,0.397,0.852,0.675,0.00317,0.0905,-5.738,0.0363,132.005,0.528
56,56,57,El Azul,Junior H x Peso Pluma,1haJsMtoBhHfvuM7XWuT3W,spotify:track:1haJsMtoBhHfvuM7XWuT3W,https://open.spotify.com/track/1haJsMtoBhHfvuM7XWuT3W,0.226,0.558,0.648,7.76e-06,0.0986,-7.081,0.055,143.876,0.844
57,57,58,Haegeum,Agust D,4bjN59DRXFRxBE1g5ne6B1,spotify:track:4bjN59DRXFRxBE1g5ne6B1,https://open.spotify.com/track/4bjN59DRXFRxBE1g5ne6B1,0.313,0.697,0.837,0.0,0.471,-2.651,0.304,85.097,0.831
58,58,59,Low Down,Lil Baby,5m0yZ33oOy0yYBtdTXuxQe,spotify:track:5m0yZ33oOy0yYBtdTXuxQe,https://open.spotify.com/track/5m0yZ33oOy0yYBtdTXuxQe,0.0354,0.962,0.619,0.0,0.083,-5.562,0.405,127.958,0.154
59,59,60,Need A Favor,Jelly Roll,5jUOG0aeAofL5u3UWyrtDO,spotify:track:5jUOG0aeAofL5u3UWyrtDO,https://open.spotify.com/track/5jUOG0aeAofL5u3UWyrtDO,0.0123,0.504,0.771,1.89e-05,0.078,-4.231,0.0319,157.985,0.555
60,60,61,Bloody Mary,Lady Gaga,11BKm0j4eYoCPPpCONAVwA,spotify:track:11BKm0j4eYoCPPpCONAVwA,https://open.spotify.com/track/11BKm0j4eYoCPPpCONAVwA,0.0107,0.591,0.637,1.95e-06,0.113,-6.365,0.03,99.998,0.432
61,61,62,Peaches,Jack Black,4w9soAM7IrmYDhSXLp14p6,spotify:track:4w9soAM7IrmYDhSXLp14p6,https://open.spotify.com/track/4w9soAM7IrmYDhSXLp14p6,0.797,0.698,0.312,0.0,0.1,-10.9,0.0483,92.138,0.419
62,62,63,Nonsense,Sabrina Carpenter,6dgUya35uo964z7GZXM07g,spotify:track:6dgUya35uo964z7GZXM07g,https://open.spotify.com/track/6dgUya35uo964z7GZXM07g,0.0268,0.74,0.697,0.0,0.224,-4.912,0.034,138.992,0.732
63,63,64,Ain't That Some,Morgan Wallen,2YVlDlk2zRceefo6XlC6DX,spotify:track:2YVlDlk2zRceefo6XlC6DX,https://open.spotify.com/track/2YVlDlk2zRceefo6XlC6DX,0.00232,0.641,0.803,3.86e-06,0.361,-5.781,0.0286,121.086,0.671
64,64,65,Fight The Feeling,Rod Wave,7l6nGz4gp6HGs5Cvmdeqe4,spotify:track:7l6nGz4gp6HGs5Cvmdeqe4,https://open.spotify.com/track/7l6nGz4gp6HGs5Cvmdeqe4,0.0514,0.634,0.538,0.0,0.099,-9.213,0.0603,168.029,0.152
65,65,66,Red Ruby Da Sleeze,Nicki Minaj,4ZYAU4A2YBtlNdqOUtc7T2,spotify:track:4ZYAU4A2YBtlNdqOUtc7T2,https://open.spotify.com/track/4ZYAU4A2YBtlNdqOUtc7T2,0.115,0.696,0.733,0.0,0.111,-6.181,0.256,98.355,0.292
66,66,67,Beso,Rosalia & Rauw Alejandro,609E1JCInJncactoMmkDon,spotify:track:609E1JCInJncactoMmkDon,https://open.spotify.com/track/609E1JCInJncactoMmkDon,0.736,0.768,0.644,0.000837,0.173,-6.671,0.136,95.05,0.53
67,67,68,Ch y La Pizza,Fuerza Regida X Natanael Cano,0UbesRsX2TtiCeamOIVEkp,spotify:track:0UbesRsX2TtiCeamOIVEkp,https://open.spotify.com/track/0UbesRsX2TtiCeamOIVEkp,0.329,0.628,0.668,0.0,0.139,-2.722,0.117,148.746,0.845
68,68,69,Cowgirls,Morgan Wallen Featuring ERNEST,7fveJ3pk1eSfxBdVkzdXZ0,spotify:track:7fveJ3pk1eSfxBdVkzdXZ0,https://open.spotify.com/track/7fveJ3pk1eSfxBdVkzdXZ0,0.199,0.624,0.766,8.62e-06,0.156,-3.805,0.0359,172.08,0.37
69,69,70,I Wrote The Book,Morgan Wallen,7phmBo7bB9I9YifAXqnlqV,spotify:track:7phmBo7bB9I9YifAXqnlqV,https://open.spotify.com/track/7phmBo7bB9I9YifAXqnlqV,0.0834,0.692,0.808,3.75e-05,0.0913,-3.757,0.0396,143.977,0.802
70,70,71,El Gordo Trae El Mando,Chino Pacas,3kf0WdFOalKWBkCCLJo4mA,spotify:track:3kf0WdFOalKWBkCCLJo4mA,https://open.spotify.com/track/3kf0WdFOalKWBkCCLJo4mA,0.179,0.736,0.8,0.0,0.0498,-5.38,0.0525,140.253,0.961
71,71,72,Gold,Dierks Bentley,4iy69rTUn8cAY8Q8q9vfOw,spotify:track:4iy69rTUn8cAY8Q8q9vfOw,https://open.spotify.com/track/4iy69rTUn8cAY8Q8q9vfOw,0.0482,0.674,0.873,0.0,0.18,-4.256,0.0285,115.01,0.946
72,72,73,Man Made A Bar,Morgan Wallen Featuring Eric Church,2VbOMKmfMtQHPeQObsVlOj,spotify:track:2VbOMKmfMtQHPeQObsVlOj,https://open.spotify.com/track/2VbOMKmfMtQHPeQObsVlOj,0.123,0.498,0.764,3.07e-05,0.119,-5.006,0.0309,147.984,0.489
73,73,74,Everything I Love,Morgan Wallen,03fs6oV5JAlbytRYf3371S,spotify:track:03fs6oV5JAlbytRYf3371S,https://open.spotify.com/track/03fs6oV5JAlbytRYf3371S,0.00514,0.568,0.841,0.000503,0.147,-3.802,0.0261,103.983,0.668
74,74,75,Karma,Taylor Swift,7KokYm8cMIXCsGVmUvKtqf,spotify:track:7KokYm8cMIXCsGVmUvKtqf,https://open.spotify.com/track/7KokYm8cMIXCsGVmUvKtqf,0.0734,0.642,0.62,0.0,0.483,-7.091,0.0666,90.02,0.0969
75,75,76,ICU,Coco Jones,58cMDjQSUdWJUgFmHxRhjt,spotify:track:58cMDjQSUdWJUgFmHxRhjt,https://open.spotify.com/track/58cMDjQSUdWJUgFmHxRhjt,0.753,0.584,0.453,0.0,0.111,-6.682,0.0661,124.913,0.328
76,76,77,Que Vuelvas,Carin Leon X Grupo Frontera,6Um358vY92UBv5DloTRX9L,spotify:track:6Um358vY92UBv5DloTRX9L,https://open.spotify.com/track/6Um358vY92UBv5DloTRX9L,0.187,0.491,0.643,0.0,0.109,-4.309,0.0442,162.469,0.779
77,77,78,Trance,"Metro Boomin, Travis Scott & Young Thug",5wG3HvLhF6Y5KTGlK0IW3J,spotify:track:5wG3HvLhF6Y5KTGlK0IW3J,https://open.spotify.com/track/5wG3HvLhF6Y5KTGlK0IW3J,0.18,0.571,0.549,0.0,0.168,-7.38,0.404,119.497,0.447
78,78,79,Yandel 150,Yandel & Feid,2oiixB9QMIzhWaHGVlQx4g,spotify:track:2oiixB9QMIzhWaHGVlQx4g,https://open.spotify.com/track/2oiixB9QMIzhWaHGVlQx4g,0.0492,0.783,0.729,0.000272,0.1,-3.549,0.0691,167.968,0.58
79,79,80,Igualito A Mi Apa,Fuerza Regida & Peso Pluma,17js0w8GTkTUFGFM6PYvBd,spotify:track:17js0w8GTkTUFGFM6PYvBd,https://open.spotify.com/track/17js0w8GTkTUFGFM6PYvBd,0.188,0.758,0.812,0.0,0.0564,-3.272,0.0854,144.908,0.795
80,80,81,In Ha Mood,Ice Spice,0yUaLqhsVsguBpoOPL4cO7,spotify:track:0yUaLqhsVsguBpoOPL4cO7,https://open.spotify.com/track/0yUaLqhsVsguBpoOPL4cO7,0.696,0.768,0.74,6.81e-06,0.23,-6.595,0.336,141.059,0.532
81,81,82,Fragil,Yahritza y Su Esencia x Grupo Frontera,0IWbhl9q9HISium2adh6h2,spotify:track:0IWbhl9q9HISium2adh6h2,https://open.spotify.com/track/0IWbhl9q9HISium2adh6h2,0.451,0.708,0.449,0.0,0.111,-4.369,0.0286,84.396,0.63
82,82,83,Human,Cody Johnson,5AihIu9yF3flkw1jFMyfwW,spotify:track:5AihIu9yF3flkw1jFMyfwW,https://open.spotify.com/track/5AihIu9yF3flkw1jFMyfwW,0.176,0.4,0.647,5.79e-05,0.11,-7.279,0.0337,84.08,0.274
83,83,84,Painting Pictures,Superstar Pride,7oLKoGzQVwjZ91AzCn560T,spotify:track:7oLKoGzQVwjZ91AzCn560T,https://open.spotify.com/track/7oLKoGzQVwjZ91AzCn560T,0.305,0.956,0.515,0.0,0.156,-9.962,0.337,119.937,0.69
84,84,85,Never Felt So Alone,Labrinth,2NbsBSshscKIPRG3kwBbfo,spotify:track:2NbsBSshscKIPRG3kwBbfo,https://open.spotify.com/track/2NbsBSshscKIPRG3kwBbfo,0.499,0.436,0.409,0.000166,0.38,-4.438,0.0533,98.357,0.363
85,85,86,Dawns,Zach Bryan Featuring Maggie Rogers,42TtHTxWk782ZBiqyOi2d1,spotify:track:42TtHTxWk782ZBiqyOi2d1,https://open.spotify.com/track/42TtHTxWk782ZBiqyOi2d1,0.874,0.447,0.441,4.36e-05,0.188,-7.658,0.0456,122.811,0.286
86,86,87,Ceilings,Lizzy McAlpine,2L9N0zZnd37dwF0clgxMGI,spotify:track:2L9N0zZnd37dwF0clgxMGI,https://open.spotify.com/track/2L9N0zZnd37dwF0clgxMGI,0.473,0.516,0.322,0.00194,0.215,-11.762,0.0292,148.005,0.261
87,87,88,Memory Lane,Old Dominion,5kB6WithhB8Iv08EMNmAbt,spotify:track:5kB6WithhB8Iv08EMNmAbt,https://open.spotify.com/track/5kB6WithhB8Iv08EMNmAbt,0.0189,0.645,0.8,1.12e-05,0.0858,-4.272,0.0363,118.977,0.375
88,88,89,Di Que Si,Grupo Marca Registrada X Grupo Frontera,0kzN7YAMSbmlHOvxlbQW9y,spotify:track:0kzN7YAMSbmlHOvxlbQW9y,https://open.spotify.com/track/0kzN7YAMSbmlHOvxlbQW9y,0.0753,0.57,0.589,0.0,0.0582,-5.378,0.0488,182.318,0.796
89,89,90,Strike (Holster),Lil Yachty,7iTTWHbr4tAlsRJN4m4bay,spotify:track:7iTTWHbr4tAlsRJN4m4bay,https://open.spotify.com/track/7iTTWHbr4tAlsRJN4m4bay,0.0658,0.851,0.642,0.0,0.0713,-5.281,0.216,143.091,0.701
90,90,91,Happy,NF,3ZEno9fORwMA1HPecdLi0R,spotify:track:3ZEno9fORwMA1HPecdLi0R,https://open.spotify.com/track/3ZEno9fORwMA1HPecdLi0R,0.306,0.732,0.855,0.0,0.12,-4.064,0.0415,106.004,0.221
91,91,92,Forever,Lil Baby Featuring Fridayy,1T4k0sw0HldDg004Kw4Oct,spotify:track:1T4k0sw0HldDg004Kw4Oct,https://open.spotify.com/track/1T4k0sw0HldDg004Kw4Oct,0.414,0.462,0.251,0.0,0.201,-12.072,0.159,89.705,0.137
92,92,93,Moonlight,Kali Uchis,0JmnkIqdlnUzPaf8sqBRs3,spotify:track:0JmnkIqdlnUzPaf8sqBRs3,https://open.spotify.com/track/0JmnkIqdlnUzPaf8sqBRs3,0.518,0.642,0.706,0.0,0.25,-6.872,0.052,136.851,0.896
93,93,94,Sunrise,Morgan Wallen,0JtgoDDf0ggWaoXCGhcOoT,spotify:track:0JtgoDDf0ggWaoXCGhcOoT,https://open.spotify.com/track/0JtgoDDf0ggWaoXCGhcOoT,0.259,0.613,0.765,4.28e-06,0.0832,-5.058,0.0318,139.993,0.343
94,94,95,You Didn't,Brett Young,4JfVTScT5fC0x330UVevO5,spotify:track:4JfVTScT5fC0x330UVevO5,https://open.spotify.com/track/4JfVTScT5fC0x330UVevO5,0.858,0.65,0.303,0.0,0.158,-8.459,0.0311,79.452,0.472
95,95,96,It Matters To Her,Scotty McCreery,4aSRUXfKuBbmje0eXNukuL,spotify:track:4aSRUXfKuBbmje0eXNukuL,https://open.spotify.com/track/4aSRUXfKuBbmje0eXNukuL,0.00528,0.516,0.752,3.78e-05,0.251,-5.09,0.0333,105.007,0.482
96,96,97,Like Crazy,Jimin,0u8rZGtXJrLtiSe34FPjGG,spotify:track:0u8rZGtXJrLtiSe34FPjGG,https://open.spotify.com/track/0u8rZGtXJrLtiSe34FPjGG,0.00306,0.623,0.755,0.0,0.387,-5.386,0.0415,119.957,0.32
97,97,98,All Of The Girls You Loved Before,Taylor Swift,4P9Q0GojKVXpRTJCaL3kyy,spotify:track:4P9Q0GojKVXpRTJCaL3kyy,https://open.spotify.com/track/4P9Q0GojKVXpRTJCaL3kyy,0.707,0.718,0.467,6.92e-05,0.126,-9.66,0.0398,95.96,0.396
98,98,99,5 Leaf Clover,Luke Combs,2RbIoEQeXBoJzWt09eitEI,spotify:track:2RbIoEQeXBoJzWt09eitEI,https://open.spotify.com/track/2RbIoEQeXBoJzWt09eitEI,0.0554,0.423,0.58,2.92e-06,0.168,-4.959,0.0243,82.755,0.336
99,99,100,Big Truck,YoungBoy Never Broke Again,5dT8SEE6yaZMGn16u6FI9R,spotify:track:5dT8SEE6yaZMGn16u6FI9R,https://open.spotify.com/track/5dT8SEE6yaZMGn16u6FI9R,0.00325,0.759,0.672,0.0,0.158,-6.057,0.379,163.106,0.536
